INSERT INTO `playtime`.`games` (`idgame`, `title`, `description`, `releasedate`, `developper`) VALUES
 ('1', 'albion online', 'Albion Online est un MMORPG sandbox situé dans le monde fantastique médiéval d\'Albion. Qu\'il s\'agisse d\'un combattant endurci, d\'un fermier, d\'un marchand ou d\'un maître artisan, dans le monde du jeu axé sur les joueurs, presque toutes les armes et tous les bâtiments sont créés par les joueurs. Grâce à un système \"vous êtes ce que vous portez\" sans restrictions de classe typiques, un archer qualifié peut instantanément devenir un puissant mage, permettant aux joueurs de définir leurs propres rôles dans le jeu. Et si un joueur se concentre sur le PvE, le PvP ou les combats de guilde contre guilde à grande échelle, chaque action du jeu a un sens… ainsi que des conséquences, car le combat dans les zones de danger est un butin à part entière où le gagnant prend tout', '17 juillet 2017', 'Sandox Interactive , Sandbox Interactive GmgH'),
 ('2', 'animal crossing new horizons', 'Animal Crossing est un « jeu » dans lequel on incarne un petit personnage à personnaliser en début de partie, et qui va devoir s\'installer dans un tout nouvel environnement, en prenant le soin d\'optimiser sa propre qualité de vie, mais aussi celle des autres personnages. Attraper des papillons, pêcher dans les rivières du coin, meubler sa demeure, fabriquer des objets, arroser les fleurs du jardin, collectionner des Clochettes (la monnaie du jeu), faire ami-ami avec le voisinage...', '20 mars 2020', 'Nitendo , Nitendo Entertainement Plaining & Developemment'),
 ('3', 'apex legends', 'Apex Legends est un jeu de bataille royale multijoueur en ligne mettant en scène des escouades de trois joueurs utilisant des personnages prédéfinis dotés de capacités distinctives, appelées \"Legends\", similaires à celles des tireurs de héros. Des modes alternatifs ont été introduits permettant des équipes à un ou deux joueurs depuis la sortie du jeu.', '4 février 2019', 'Respawn Entertainment '),
 ('4', 'call of duty modern warfare', 'Call of Duty Modern Warfare est un jeu de tir à la première personne. Le joueur incarne tour à tour un soldat du SAS ou un combattant de la liberté d\'un pays du Proche-Orient. Le jeu adopte un ton sombre et mature, pour plus de réalisme.', '25 octobre 2019', 'Infinity Ward'),
 ('5', 'the room', 'The Room est une série de jeux de réflexion 3D sur mobiles qui profite beaucoup des fonctions tactiles pour résoudre une multitude de casse-têtes plus complexes les uns que les autres. Le seul outil fourni au joueur pour sa quête est une lentille qui permet de voir les objets sous une autre lumière.', '12 septembre 2012', 'Fireproof Studios ,Fireproof Games'),
 ('6', 'factorio', 'Factorio est un jeu de récupération de ressources avec des éléments de stratégie en temps réel et de survie, avec des influences des mods du jeu Minecraft BuildCraft et IndustrialCraft.', '21 février 2016', 'Wube Software'),
 ('7', 'cyberpunk 2077', 'Cyberpunk 2077 est un jeu d\'action-aventure en monde ouvert qui se déroule à Night City, une mégalopole obsédée par le pouvoir, la séduction et les modifications corporelles. Le Guide Officiel Complet Cyberpunk 2077 est un ouvrage colossal couvrant l\'intégralité du jeu. ', '10 décembre 2020', 'CD projekt RED ,CD Projekt'),
 ('8', 'fifa 22', 'FIFA 22 est un jeu vidéo de simulation de football publié par Electronics Arts.', '21 septembre 2021', 'EA Vancouver ,EA Romania'),
 ('9', 'grand theft auto v', 'est un jeu d\'action-aventure en monde ouvert dans lequel les personnages  organisent le braquage d\'une banque de Ludendorff, North Yankton. Cependant le casse tourne mal : Trevor parvient à s\'échapper mais il doit abandonner Brad et Michael, ce dernier étant laissé pour mort.', '17 septembre 2013', 'Rockstar North'),
 ('10', 'horizon forbidden west', 'Suite à Horizon Zero Dawn de 2017, le jeu se déroule dans une version post-apocalyptique de l\'ouest des États-Unis se remettant des conséquences d\'un événement d\'extinction causé par un essaim de robots voyous. Le joueur peut explorer le monde ouvert et accomplir des quêtes à distance et en mêlée contre des créatures mécaniques hostiles.', '18 février 2002', 'Guerrilla Games'),
 ('11', 'rayman legends', ' Jeu de platforme concernant  les héros de la Croisée des Rêves (Rayman, Globox et les deux Ptizètres) ont passé leur temps à dormir profondément. Selon les dires du Bulleur de Rêves, ces derniers sont sous l\'emprise d\'un puissant somnifère mystérieux ou alors ils avaient juste besoin de prendre beaucoup de repos.', '29 août 2013', 'Ubisoft Montpollier'),
 ('12', 'the witcher 3 wild hunt', 'Contrairement aux deux autres opus de la série, The Witcher 3 prend place dans un monde ouvert en usant d\'un point de vue à la troisième personne, et se concentre sur l\'utilisation des talents de combat et de détective de Geralt pour mener à bien des contrats et explorer l\'environnement.', '18 mai 2018', 'CD projekt RED , Saber Interactive'),
 ('13', 'the legend of zelda breath of the wild', 'C\'est le dix-neuvième jeu de la franchise The Legend of Zelda. Breath of the Wild propose d\'incarner Link, amnésique, réveillé après un long sommeil d\'une centaine d\'années par une mystérieuse voix qui le guide afin d\'éliminer Ganon, « Le Fléau », et restaurer la paix dans le royaume d\'Hyrule.', '3 mars 2017', 'Nitendo EPD , Monolith Soft'),
 ('14', 'hollow knight', 'Hollow Knight est un jeu d\'aventure et d\'exploration qui vous plonge dans un vaste royaume en ruine. Dans ce jeu, résolument 2D, explorez des cavernes lugubres, affrontez de terribles créatures et devenez ami avec d\'étranges insectes. Forgez votre propre chemin et explorez ce royaume peuplé de héros et d\'insectes.', '24 février 2017', 'Team Cherry'),
 ('15', 'ori and the blind forest', 'Ori and the Blind Forest est un jeu de plateforme d\'action-aventure qui combine un gameplay exploratoire profond avec une narration émotionnelle. Rejoignez Ori pour résoudre les mystères d\'une forêt mourante tout en échappant aux griffes maléfiques de Kuro, le hibou noir. Ori and the Blind Forest sortira le 11 mars 2015.', '11 mars 2015', 'Moon Studios'),
 ('16', 'ori and the will of the wisps', 'Ori and the Will of the Wisps est un Metroidvania 2D; un jeu de plateforme mettant l\'accent sur l\'exploration, la collecte d\'objets et de mises à niveau, et le retour en arrière vers des zones auparavant inaccessibles. Le joueur contrôle le titulaire Ori, un esprit gardien blanc.', '2020', 'Moon Studios'),
 ('17', 'warframe', 'Warframe est un jeu de tir à la troisième personne en ligne de type free to play développé par Digital Extremes et disponible sur Windows, PlayStation 4 et PlayStation 5, Xbox One, Xbox Series et Nintendo Switch.', '25 mars 2013', 'Digital Extermes'),
 ('18', 'doom eternal', 'Le Doom Slayer passe son temps en enfer à survivre et à assassiner des légions de démons, ce qui lui vaut le titre de Doom Slayer. Il a tué tellement de démons qu\'il est maintenant vénéré comme une sorte de diable lui-même dans leur monde, ce qui conduit les démons à l\'emprisonner dans une tombe afin qu\'il ne puisse plus faire de ravages.', '20 mars 2020', 'id Sofware'),
 ('19', 'vrchat', 'Valorant est un jeu de tir tactique impliquant deux équipes de 5 joueurs dans chaque équipe. Chaque joueur peut se connecter et jouer à distance depuis n\'importe où dans le monde. Chaque match comporte 25 manches et l\'équipe qui en remporte 13 en premier remporte la partie. Les joueurs peuvent choisir leurs personnages dans le jeu appelés agents au début du jeu.', '1 février 2017', 'VRChat Inc'),
 ('20', 'deathloop', 'DEATHLOOP est un FPS nouvelle génération d\'Arkane Lyon, le studio acclamé à l\'origine de Dishonored. Dans DEATHLOOP, deux assassins rivaux sont piégés dans une mystérieuse boucle temporelle sur l\'île de Blackreef, condamnés à répéter la même journée pour l\'éternité.', '14 septembre 2021', 'Arkane Studios'),
 ('21', 'pokémon legends arceus', 'On dit qu\'Arceus, le Pokémon Alpha, serait à l\'origine de la création de ce monde. Au cours de votre aventure, vous explorerez la région de Hisui et nouerez des liens avec les chefs des Clans Diamant et Perle, au point de vous retrouver mêlé aux mystères entourant Arceus.', '28 janvier 2022', 'Game Freak'),
 ('22', 'eve online', 'EVE permet des combats spatiaux à petite ou très grande échelle, la collecte de ressources de toutes sortes, la production de biens, l\'accès à un immense marché interstellaire, etc.', '6 mai 2003', 'CCP'),
 ('23', 'paladins', 'Chevalier errant à la recherche d\'aventures et d\'opportunités pour prouver sa valeur à ses pairs. Exemple : Avec un courage émérite, le paladin parcourait les régions en quête d\'aventures et de romances d\'un soir pour se prouver à lui-même qu\'il n\'avait rien perdu de son sens chevaleresque.', '16 septembre 2016', 'Evil Mojo Games'),
 ('24', 'elden ring', 'Elden Ring est un jeu de rôle d\'action joué dans une perspective à la troisième personne avec un gameplay axé sur le combat et l\'exploration; il présente des éléments similaires à ceux trouvés dans d\'autres jeux développés par FromSoftware, tels que la série Souls, Bloodborne et Sekiro : Shadows Die Twice.', '25 février 2022', 'FromSoftware'),
 ('25', 'tunic', 'Le jeu se joue en vue isométrique. Le personnage que contrôle le joueur, un renard anthropomorphe, peut interagir avec des objets et combattre si nécessaire, à la manière de la série The Legend of Zelda', '16 mars 2022', 'Andrew Shouldice'),
 ('26', 'katana zero', 'Déviez les tirs des ennemis, esquivez les attaques et manipulez les ennemis et les environnements avec des pièges et des explosifs. Ne laissez aucun survivant. Séquences fabriquées à la main: chaque niveau est spécialement conçu pour de nombreuses méthodes d\'achèvement.', '18 avril 2019', 'Developer Digital'),
 ('27', 'the legend of zelda majora\'s mask', 'L\'histoire de Majora\'s Mask se déroule deux mois après les événements d\'Ocarina of Time. Il suit Link, qui, dans une quête personnelle, se retrouve à Termina, un monde parallèle à Hyrule. En atteignant Termina, Link apprend que le monde est en danger car la lune tombera dans le monde dans trois jours.', '27 avril 2000', 'Nitendo EPD'),
 ('28', 'bioshock 2', 'BioShock 2 est un jeu vidéo de tir en vue subjective développé par 2K Marin et édité par 2K Games, sorti le 9 février 2010. Il s\'agit de la suite du jeu BioShock sorti fin août 2007 . Le jeu se déroule dans la ville sous-marine de Rapture, en 1968, huit ans après les événements relatés dans BioShock.', '9 février 2010', '2k Marin'),
 ('29', 'bioshock infinite', 'BioShock Infinite se déroule en 1912 et se déroule dans une cité-état steampunk fictive appelée \"Columbia\" - nommée en hommage à la personnification féminine des États-Unis - qui est suspendue dans les airs grâce à une combinaison de dirigeables géants, de ballons, de réacteurs, hélices et \"lévitation quantique\".', '26 mars 2013', 'Irrational Games');;

INSERT INTO `playtime`.`platforms` (`platform`) VALUES ('switch'), ('wii u'), ('xbox 360'),('xbox one'),('xbox series'),('macos'),('windows'),('linus'),('ps4'),('ps5'),('android'),('ios'),('stadia');; 

INSERT INTO `playtime`.`categories` (`categorie`) VALUES ('action'), ('co-op'), ('RPG'),('solo'),('aventure'),('inde'),('simulation'),('sport'),('course'),('FPS'),('multijoueur'),('2D');;

INSERT INTO `playtime`.`games_details` (`fk_idgame`,`fk_categorie`,`fk_platform`) VALUES ('25','RPG','windows'),('25','action','xbox series'),('25','solo','xbox one');;

INSERT INTO `playtime`.`games_details` (`fk_idgame`,`fk_categorie`,`fk_platform`) VALUES 
 ('1', 'multijoueur', 'android'),('2', 'simulation', 'switch'),('3', 'action', 'windows'),('4', 'action', 'windows'),('5', 'aventure', 'ios'),('6', 'simulation', 'windows'),('7', 'aventure', 'macos'),('8', 'simulation', 'ps4'),('9', 'simulation', 'windows'),('10', 'aventure', 'ps5'),('11', '2D', 'wii u'),('12', 'aventure', 'windows'),('13', 'aventure', 'switch'),('14', 'inde', 'windows'),('15', 'inde', 'xbox one'),('16', 'inde', 'xbox series'),('17', 'aventure', 'ps4'),('18', 'action', 'switch'),('19', 'multijoueur', 'windows'),('20', 'action', 'windows'),('21', 'aventure', 'switch'),('22', 'multijoueur', 'windows'),('23', 'action', 'ps4'),('24', 'action', 'windows'),('25', 'inde', 'xbox one'),('27', 'aventure', 'switch'),('28', 'action', 'windows'),('29', 'action', 'windows'),('22', 'simulation', 'xbox one'),('19', 'simulation', 'macos');;


 INSERT INTO `users` (`idUser`, `email`, `pseudo`, `password`, `avatar`, `admin`) VALUES ('1', 'admin@playtime.com','admin','$2y$10$K22P6JIwUhKogwpuYBvba.KrIXwRkE.Uh.dk/2ZvwPrHu2Ge/G8Lq','glados','1');